<application>
  <component name="FileTypeManager" version="17">
    <extensionMap>
      <mapping ext="klib" type="ARCHIVE" />
      <mapping ext="exe" type="Native" />
      <mapping pattern="s" type="PLAIN_TEXT" />
      <mapping pattern="BenchmarkList" type="PLAIN_TEXT" />
      <mapping pattern="read" type="PLAIN_TEXT" />
      <mapping pattern="order" type="PLAIN_TEXT" />
      <mapping pattern="repl" type="PLAIN_TEXT" />
      <mapping pattern="rdt" type="PLAIN_TEXT" />
      <mapping pattern="INTEGRATION-TEST" type="PLAIN_TEXT" />
      <mapping pattern="aof" type="PLAIN_TEXT" />
      <mapping pattern="rmt" type="PLAIN_TEXT" />
      <mapping pattern="rdb" type="PLAIN_TEXT" />
      <mapping pattern="readme" type="PLAIN_TEXT" />
      <mapping pattern=".travis.yml" type="PLAIN_TEXT" />
      <mapping pattern="LICENSE" type="PLAIN_TEXT" />
      <mapping ext="cl" type="PLAIN_TEXT" />
      <mapping ext="keystore" type="PLAIN_TEXT" />
      <mapping ext="conf" type="PLAIN_TEXT" />
      <mapping ext="jnilib" type="PLAIN_TEXT" />
      <mapping ext="jasper" type="PLAIN_TEXT" />
      <mapping ext="rdb" type="PLAIN_TEXT" />
      <mapping ext="cfg" type="PLAIN_TEXT" />
      <mapping ext="lua" type="PLAIN_TEXT" />
      <mapping ext="aof" type="PLAIN_TEXT" />
      <mapping ext="hbs" type="PLAIN_TEXT" />
      <mapping ext="go" type="PLAIN_TEXT" />
      <mapping ext="body" type="PLAIN_TEXT" />
    </extensionMap>
  </component>
</application>