<application>
  <component name="FileTypeManager" version="17">
    <extensionMap>
      <mapping ext="exe" type="Native" />
      <mapping pattern="order" type="PLAIN_TEXT" />
      <mapping pattern="read" type="PLAIN_TEXT" />
      <mapping pattern="s" type="PLAIN_TEXT" />
      <mapping pattern="before" type="PLAIN_TEXT" />
      <mapping pattern="after" type="PLAIN_TEXT" />
      <mapping pattern="rst" type="PLAIN_TEXT" />
      <mapping pattern="readme" type="PLAIN_TEXT" />
      <mapping pattern="market" type="PLAIN_TEXT" />
      <mapping pattern="aof" type="PLAIN_TEXT" />
      <mapping pattern="LICENSE" type="PLAIN_TEXT" />
      <mapping pattern="rmt" type="PLAIN_TEXT" />
      <mapping pattern="ret" type="PLAIN_TEXT" />
      <mapping pattern="ANTI-996-LICENSE" type="PLAIN_TEXT" />
      <mapping pattern="ANTI-996-LICENSE_CN" type="PLAIN_TEXT" />
      <mapping pattern=".travis.yml" type="PLAIN_TEXT" />
      <mapping pattern="repl" type="PLAIN_TEXT" />
      <mapping pattern="dec" type="PLAIN_TEXT" />
      <mapping pattern="INTEGRATION-TEST" type="PLAIN_TEXT" />
      <mapping pattern="rdt" type="PLAIN_TEXT" />
      <mapping pattern="Readme" type="PLAIN_TEXT" />
      <mapping pattern="rdb" type="PLAIN_TEXT" />
      <mapping pattern="BenchmarkList" type="PLAIN_TEXT" />
      <mapping ext="textclipping" type="PLAIN_TEXT" />
      <mapping ext="lua" type="PLAIN_TEXT" />
      <mapping ext="file" type="PLAIN_TEXT" />
      <mapping ext="aof" type="PLAIN_TEXT" />
      <mapping ext="iql" type="PLAIN_TEXT" />
      <mapping ext="rdb" type="PLAIN_TEXT" />
      <mapping ext="hbs" type="PLAIN_TEXT" />
      <mapping ext="keystore" type="PLAIN_TEXT" />
      <mapping ext="jnilib" type="PLAIN_TEXT" />
      <mapping ext="cl" type="PLAIN_TEXT" />
      <mapping ext="cmap" type="PLAIN_TEXT" />
      <mapping ext="body" type="PLAIN_TEXT" />
      <mapping ext="jasper" type="PLAIN_TEXT" />
      <mapping ext="go" type="PLAIN_TEXT" />
      <mapping ext="conf" type="PLAIN_TEXT" />
      <mapping ext="cfg" type="PLAIN_TEXT" />
    </extensionMap>
  </component>
</application>