<application>
  <component name="FindSettings">
    <option name="customScope" value="All Places" />
    <option name="defaultScopeName" value="All Places" />
    <option name="SEARCH_SCOPE" value="All Places" />
    <option name="FILE_MASK" value="*." />
    <mask>*.html</mask>
    <mask>*.jsp</mask>
    <mask>*.as</mask>
    <mask>*.css</mask>
    <mask>*.mxml</mask>
    <mask>*.sql</mask>
    <mask>*.hbs</mask>
    <mask>*.SQL</mask>
    <mask>*.proto</mask>
    <mask>*Po.java</mask>
    <mask>*.properties</mask>
    <mask>*.js</mask>
    <mask>*.feature</mask>
    <mask>*.java</mask>
    <mask>*</mask>
    <mask>*.xml</mask>
    <mask>*.*</mask>
    <mask>*.</mask>
  </component>
</application>