<application>
  <component name="ProjectJdkTable">
    <jdk version="2">
      <name value="1.8" />
      <type value="JavaSDK" />
      <version value="java version &quot;1.8.0_201&quot;" />
      <homePath value="C:/Java/jdk1.8.0" />
      <roots>
        <annotationsPath>
          <root type="composite">
            <root url="jar://$APPLICATION_HOME_DIR$/lib/jdkAnnotations.jar!/" type="simple" />
          </root>
        </annotationsPath>
        <classPath>
          <root type="composite">
            <root url="jar://C:/Java/jdk1.8.0/jre/lib/charsets.jar!/" type="simple" />
            <root url="jar://C:/Java/jdk1.8.0/jre/lib/deploy.jar!/" type="simple" />
            <root url="jar://C:/Java/jdk1.8.0/jre/lib/ext/access-bridge-64.jar!/" type="simple" />
            <root url="jar://C:/Java/jdk1.8.0/jre/lib/ext/cldrdata.jar!/" type="simple" />
            <root url="jar://C:/Java/jdk1.8.0/jre/lib/ext/dnsns.jar!/" type="simple" />
            <root url="jar://C:/Java/jdk1.8.0/jre/lib/ext/jaccess.jar!/" type="simple" />
            <root url="jar://C:/Java/jdk1.8.0/jre/lib/ext/jfxrt.jar!/" type="simple" />
            <root url="jar://C:/Java/jdk1.8.0/jre/lib/ext/localedata.jar!/" type="simple" />
            <root url="jar://C:/Java/jdk1.8.0/jre/lib/ext/nashorn.jar!/" type="simple" />
            <root url="jar://C:/Java/jdk1.8.0/jre/lib/ext/sunec.jar!/" type="simple" />
            <root url="jar://C:/Java/jdk1.8.0/jre/lib/ext/sunjce_provider.jar!/" type="simple" />
            <root url="jar://C:/Java/jdk1.8.0/jre/lib/ext/sunmscapi.jar!/" type="simple" />
            <root url="jar://C:/Java/jdk1.8.0/jre/lib/ext/sunpkcs11.jar!/" type="simple" />
            <root url="jar://C:/Java/jdk1.8.0/jre/lib/ext/zipfs.jar!/" type="simple" />
            <root url="jar://C:/Java/jdk1.8.0/jre/lib/javaws.jar!/" type="simple" />
            <root url="jar://C:/Java/jdk1.8.0/jre/lib/jce.jar!/" type="simple" />
            <root url="jar://C:/Java/jdk1.8.0/jre/lib/jfr.jar!/" type="simple" />
            <root url="jar://C:/Java/jdk1.8.0/jre/lib/jfxswt.jar!/" type="simple" />
            <root url="jar://C:/Java/jdk1.8.0/jre/lib/jsse.jar!/" type="simple" />
            <root url="jar://C:/Java/jdk1.8.0/jre/lib/management-agent.jar!/" type="simple" />
            <root url="jar://C:/Java/jdk1.8.0/jre/lib/plugin.jar!/" type="simple" />
            <root url="jar://C:/Java/jdk1.8.0/jre/lib/resources.jar!/" type="simple" />
            <root url="jar://C:/Java/jdk1.8.0/jre/lib/rt.jar!/" type="simple" />
          </root>
        </classPath>
        <javadocPath>
          <root type="composite" />
        </javadocPath>
        <sourcePath>
          <root type="composite">
            <root url="jar://C:/Java/jdk1.8.0/src.zip!/" type="simple" />
            <root url="jar://C:/Java/jdk1.8.0/javafx-src.zip!/" type="simple" />
          </root>
        </sourcePath>
      </roots>
      <additional />
    </jdk>
    <jdk version="2">
      <name value="Android API 24 Platform" />
      <type value="Android SDK" />
      <version value="java version &quot;1.8.0_201&quot;" />
      <homePath value="C:/Android/sdk" />
      <roots>
        <annotationsPath>
          <root type="composite">
            <root url="jar://$APPLICATION_HOME_DIR$/plugins/android/lib/androidAnnotations.jar!/" type="simple" />
          </root>
        </annotationsPath>
        <classPath>
          <root type="composite" />
        </classPath>
        <javadocPath>
          <root type="composite" />
        </javadocPath>
        <sourcePath>
          <root type="composite" />
        </sourcePath>
      </roots>
      <additional jdk="1.8" />
    </jdk>
    <jdk version="2">
      <name value="Android API 25 Platform" />
      <type value="Android SDK" />
      <version value="java version &quot;1.8.0_201&quot;" />
      <homePath value="C:/Android/sdk" />
      <roots>
        <annotationsPath>
          <root type="composite">
            <root url="jar://$APPLICATION_HOME_DIR$/plugins/android/lib/androidAnnotations.jar!/" type="simple" />
          </root>
        </annotationsPath>
        <classPath>
          <root type="composite" />
        </classPath>
        <javadocPath>
          <root type="composite" />
        </javadocPath>
        <sourcePath>
          <root type="composite" />
        </sourcePath>
      </roots>
      <additional jdk="1.8" />
    </jdk>
    <jdk version="2">
      <name value="Android API 27 Platform" />
      <type value="Android SDK" />
      <version value="java version &quot;1.8.0_201&quot;" />
      <homePath value="C:/Android/sdk" />
      <roots>
        <annotationsPath>
          <root type="composite">
            <root url="jar://$APPLICATION_HOME_DIR$/plugins/android/lib/androidAnnotations.jar!/" type="simple" />
          </root>
        </annotationsPath>
        <classPath>
          <root type="composite" />
        </classPath>
        <javadocPath>
          <root type="composite" />
        </javadocPath>
        <sourcePath>
          <root type="composite" />
        </sourcePath>
      </roots>
      <additional jdk="1.8" />
    </jdk>
    <jdk version="2">
      <name value="10" />
      <type value="JavaSDK" />
      <version value="java version &quot;10&quot;" />
      <homePath value="C:/Java/jdk-10" />
      <roots>
        <annotationsPath>
          <root type="composite">
            <root url="jar://$APPLICATION_HOME_DIR$/lib/jdkAnnotations.jar!/" type="simple" />
          </root>
        </annotationsPath>
        <classPath>
          <root type="composite">
            <root url="jrt://C:/Java/jdk-10!/java.activation" type="simple" />
            <root url="jrt://C:/Java/jdk-10!/java.base" type="simple" />
            <root url="jrt://C:/Java/jdk-10!/java.compiler" type="simple" />
            <root url="jrt://C:/Java/jdk-10!/java.corba" type="simple" />
            <root url="jrt://C:/Java/jdk-10!/java.datatransfer" type="simple" />
            <root url="jrt://C:/Java/jdk-10!/java.desktop" type="simple" />
            <root url="jrt://C:/Java/jdk-10!/java.instrument" type="simple" />
            <root url="jrt://C:/Java/jdk-10!/java.jnlp" type="simple" />
            <root url="jrt://C:/Java/jdk-10!/java.logging" type="simple" />
            <root url="jrt://C:/Java/jdk-10!/java.management" type="simple" />
            <root url="jrt://C:/Java/jdk-10!/java.management.rmi" type="simple" />
            <root url="jrt://C:/Java/jdk-10!/java.naming" type="simple" />
            <root url="jrt://C:/Java/jdk-10!/java.prefs" type="simple" />
            <root url="jrt://C:/Java/jdk-10!/java.rmi" type="simple" />
            <root url="jrt://C:/Java/jdk-10!/java.scripting" type="simple" />
            <root url="jrt://C:/Java/jdk-10!/java.se" type="simple" />
            <root url="jrt://C:/Java/jdk-10!/java.se.ee" type="simple" />
            <root url="jrt://C:/Java/jdk-10!/java.security.jgss" type="simple" />
            <root url="jrt://C:/Java/jdk-10!/java.security.sasl" type="simple" />
            <root url="jrt://C:/Java/jdk-10!/java.smartcardio" type="simple" />
            <root url="jrt://C:/Java/jdk-10!/java.sql" type="simple" />
            <root url="jrt://C:/Java/jdk-10!/java.sql.rowset" type="simple" />
            <root url="jrt://C:/Java/jdk-10!/java.transaction" type="simple" />
            <root url="jrt://C:/Java/jdk-10!/java.xml" type="simple" />
            <root url="jrt://C:/Java/jdk-10!/java.xml.bind" type="simple" />
            <root url="jrt://C:/Java/jdk-10!/java.xml.crypto" type="simple" />
            <root url="jrt://C:/Java/jdk-10!/java.xml.ws" type="simple" />
            <root url="jrt://C:/Java/jdk-10!/java.xml.ws.annotation" type="simple" />
            <root url="jrt://C:/Java/jdk-10!/javafx.base" type="simple" />
            <root url="jrt://C:/Java/jdk-10!/javafx.controls" type="simple" />
            <root url="jrt://C:/Java/jdk-10!/javafx.deploy" type="simple" />
            <root url="jrt://C:/Java/jdk-10!/javafx.fxml" type="simple" />
            <root url="jrt://C:/Java/jdk-10!/javafx.graphics" type="simple" />
            <root url="jrt://C:/Java/jdk-10!/javafx.media" type="simple" />
            <root url="jrt://C:/Java/jdk-10!/javafx.swing" type="simple" />
            <root url="jrt://C:/Java/jdk-10!/javafx.web" type="simple" />
            <root url="jrt://C:/Java/jdk-10!/jdk.accessibility" type="simple" />
            <root url="jrt://C:/Java/jdk-10!/jdk.aot" type="simple" />
            <root url="jrt://C:/Java/jdk-10!/jdk.attach" type="simple" />
            <root url="jrt://C:/Java/jdk-10!/jdk.charsets" type="simple" />
            <root url="jrt://C:/Java/jdk-10!/jdk.compiler" type="simple" />
            <root url="jrt://C:/Java/jdk-10!/jdk.crypto.cryptoki" type="simple" />
            <root url="jrt://C:/Java/jdk-10!/jdk.crypto.ec" type="simple" />
            <root url="jrt://C:/Java/jdk-10!/jdk.crypto.mscapi" type="simple" />
            <root url="jrt://C:/Java/jdk-10!/jdk.deploy" type="simple" />
            <root url="jrt://C:/Java/jdk-10!/jdk.deploy.controlpanel" type="simple" />
            <root url="jrt://C:/Java/jdk-10!/jdk.dynalink" type="simple" />
            <root url="jrt://C:/Java/jdk-10!/jdk.editpad" type="simple" />
            <root url="jrt://C:/Java/jdk-10!/jdk.hotspot.agent" type="simple" />
            <root url="jrt://C:/Java/jdk-10!/jdk.httpserver" type="simple" />
            <root url="jrt://C:/Java/jdk-10!/jdk.incubator.httpclient" type="simple" />
            <root url="jrt://C:/Java/jdk-10!/jdk.internal.ed" type="simple" />
            <root url="jrt://C:/Java/jdk-10!/jdk.internal.jvmstat" type="simple" />
            <root url="jrt://C:/Java/jdk-10!/jdk.internal.le" type="simple" />
            <root url="jrt://C:/Java/jdk-10!/jdk.internal.opt" type="simple" />
            <root url="jrt://C:/Java/jdk-10!/jdk.internal.vm.ci" type="simple" />
            <root url="jrt://C:/Java/jdk-10!/jdk.internal.vm.compiler" type="simple" />
            <root url="jrt://C:/Java/jdk-10!/jdk.internal.vm.compiler.management" type="simple" />
            <root url="jrt://C:/Java/jdk-10!/jdk.jartool" type="simple" />
            <root url="jrt://C:/Java/jdk-10!/jdk.javadoc" type="simple" />
            <root url="jrt://C:/Java/jdk-10!/jdk.javaws" type="simple" />
            <root url="jrt://C:/Java/jdk-10!/jdk.jcmd" type="simple" />
            <root url="jrt://C:/Java/jdk-10!/jdk.jconsole" type="simple" />
            <root url="jrt://C:/Java/jdk-10!/jdk.jdeps" type="simple" />
            <root url="jrt://C:/Java/jdk-10!/jdk.jdi" type="simple" />
            <root url="jrt://C:/Java/jdk-10!/jdk.jdwp.agent" type="simple" />
            <root url="jrt://C:/Java/jdk-10!/jdk.jfr" type="simple" />
            <root url="jrt://C:/Java/jdk-10!/jdk.jlink" type="simple" />
            <root url="jrt://C:/Java/jdk-10!/jdk.jshell" type="simple" />
            <root url="jrt://C:/Java/jdk-10!/jdk.jsobject" type="simple" />
            <root url="jrt://C:/Java/jdk-10!/jdk.jstatd" type="simple" />
            <root url="jrt://C:/Java/jdk-10!/jdk.localedata" type="simple" />
            <root url="jrt://C:/Java/jdk-10!/jdk.management" type="simple" />
            <root url="jrt://C:/Java/jdk-10!/jdk.management.agent" type="simple" />
            <root url="jrt://C:/Java/jdk-10!/jdk.management.cmm" type="simple" />
            <root url="jrt://C:/Java/jdk-10!/jdk.management.jfr" type="simple" />
            <root url="jrt://C:/Java/jdk-10!/jdk.management.resource" type="simple" />
            <root url="jrt://C:/Java/jdk-10!/jdk.naming.dns" type="simple" />
            <root url="jrt://C:/Java/jdk-10!/jdk.naming.rmi" type="simple" />
            <root url="jrt://C:/Java/jdk-10!/jdk.net" type="simple" />
            <root url="jrt://C:/Java/jdk-10!/jdk.pack" type="simple" />
            <root url="jrt://C:/Java/jdk-10!/jdk.packager" type="simple" />
            <root url="jrt://C:/Java/jdk-10!/jdk.packager.services" type="simple" />
            <root url="jrt://C:/Java/jdk-10!/jdk.plugin" type="simple" />
            <root url="jrt://C:/Java/jdk-10!/jdk.plugin.server" type="simple" />
            <root url="jrt://C:/Java/jdk-10!/jdk.rmic" type="simple" />
            <root url="jrt://C:/Java/jdk-10!/jdk.scripting.nashorn" type="simple" />
            <root url="jrt://C:/Java/jdk-10!/jdk.scripting.nashorn.shell" type="simple" />
            <root url="jrt://C:/Java/jdk-10!/jdk.sctp" type="simple" />
            <root url="jrt://C:/Java/jdk-10!/jdk.security.auth" type="simple" />
            <root url="jrt://C:/Java/jdk-10!/jdk.security.jgss" type="simple" />
            <root url="jrt://C:/Java/jdk-10!/jdk.snmp" type="simple" />
            <root url="jrt://C:/Java/jdk-10!/jdk.unsupported" type="simple" />
            <root url="jrt://C:/Java/jdk-10!/jdk.xml.bind" type="simple" />
            <root url="jrt://C:/Java/jdk-10!/jdk.xml.dom" type="simple" />
            <root url="jrt://C:/Java/jdk-10!/jdk.xml.ws" type="simple" />
            <root url="jrt://C:/Java/jdk-10!/jdk.zipfs" type="simple" />
            <root url="jrt://C:/Java/jdk-10!/oracle.desktop" type="simple" />
            <root url="jrt://C:/Java/jdk-10!/oracle.net" type="simple" />
          </root>
        </classPath>
        <javadocPath>
          <root type="composite" />
        </javadocPath>
        <sourcePath>
          <root type="composite">
            <root url="jar://C:/Java/jdk-10/lib/src.zip!/java.se" type="simple" />
            <root url="jar://C:/Java/jdk-10/lib/src.zip!/jdk.aot" type="simple" />
            <root url="jar://C:/Java/jdk-10/lib/src.zip!/jdk.jdi" type="simple" />
            <root url="jar://C:/Java/jdk-10/lib/src.zip!/jdk.net" type="simple" />
            <root url="jar://C:/Java/jdk-10/lib/src.zip!/java.rmi" type="simple" />
            <root url="jar://C:/Java/jdk-10/lib/src.zip!/java.sql" type="simple" />
            <root url="jar://C:/Java/jdk-10/lib/src.zip!/java.xml" type="simple" />
            <root url="jar://C:/Java/jdk-10/lib/src.zip!/jdk.jcmd" type="simple" />
            <root url="jar://C:/Java/jdk-10/lib/src.zip!/jdk.pack" type="simple" />
            <root url="jar://C:/Java/jdk-10/lib/src.zip!/jdk.rmic" type="simple" />
            <root url="jar://C:/Java/jdk-10/lib/src.zip!/jdk.sctp" type="simple" />
            <root url="jar://C:/Java/jdk-10/lib/src.zip!/java.base" type="simple" />
            <root url="jar://C:/Java/jdk-10/lib/src.zip!/jdk.jdeps" type="simple" />
            <root url="jar://C:/Java/jdk-10/lib/src.zip!/jdk.jlink" type="simple" />
            <root url="jar://C:/Java/jdk-10/lib/src.zip!/jdk.zipfs" type="simple" />
            <root url="jar://C:/Java/jdk-10/lib/src.zip!/java.corba" type="simple" />
            <root url="jar://C:/Java/jdk-10/lib/src.zip!/java.prefs" type="simple" />
            <root url="jar://C:/Java/jdk-10/lib/src.zip!/java.se.ee" type="simple" />
            <root url="jar://C:/Java/jdk-10/lib/src.zip!/javafx.web" type="simple" />
            <root url="jar://C:/Java/jdk-10/lib/src.zip!/jdk.attach" type="simple" />
            <root url="jar://C:/Java/jdk-10/lib/src.zip!/jdk.jshell" type="simple" />
            <root url="jar://C:/Java/jdk-10/lib/src.zip!/jdk.jstatd" type="simple" />
            <root url="jar://C:/Java/jdk-10/lib/src.zip!/jdk.xml.ws" type="simple" />
            <root url="jar://C:/Java/jdk-10/lib/src.zip!/java.naming" type="simple" />
            <root url="jar://C:/Java/jdk-10/lib/src.zip!/java.xml.ws" type="simple" />
            <root url="jar://C:/Java/jdk-10/lib/src.zip!/javafx.base" type="simple" />
            <root url="jar://C:/Java/jdk-10/lib/src.zip!/javafx.fxml" type="simple" />
            <root url="jar://C:/Java/jdk-10/lib/src.zip!/jdk.editpad" type="simple" />
            <root url="jar://C:/Java/jdk-10/lib/src.zip!/jdk.jartool" type="simple" />
            <root url="jar://C:/Java/jdk-10/lib/src.zip!/jdk.javadoc" type="simple" />
            <root url="jar://C:/Java/jdk-10/lib/src.zip!/jdk.xml.dom" type="simple" />
            <root url="jar://C:/Java/jdk-10/lib/src.zip!/java.desktop" type="simple" />
            <root url="jar://C:/Java/jdk-10/lib/src.zip!/java.logging" type="simple" />
            <root url="jar://C:/Java/jdk-10/lib/src.zip!/javafx.media" type="simple" />
            <root url="jar://C:/Java/jdk-10/lib/src.zip!/javafx.swing" type="simple" />
            <root url="jar://C:/Java/jdk-10/lib/src.zip!/jdk.charsets" type="simple" />
            <root url="jar://C:/Java/jdk-10/lib/src.zip!/jdk.compiler" type="simple" />
            <root url="jar://C:/Java/jdk-10/lib/src.zip!/jdk.dynalink" type="simple" />
            <root url="jar://C:/Java/jdk-10/lib/src.zip!/jdk.jconsole" type="simple" />
            <root url="jar://C:/Java/jdk-10/lib/src.zip!/jdk.jsobject" type="simple" />
            <root url="jar://C:/Java/jdk-10/lib/src.zip!/jdk.packager" type="simple" />
            <root url="jar://C:/Java/jdk-10/lib/src.zip!/jdk.xml.bind" type="simple" />
            <root url="jar://C:/Java/jdk-10/lib/src.zip!/java.compiler" type="simple" />
            <root url="jar://C:/Java/jdk-10/lib/src.zip!/java.xml.bind" type="simple" />
            <root url="jar://C:/Java/jdk-10/lib/src.zip!/jdk.crypto.ec" type="simple" />
            <root url="jar://C:/Java/jdk-10/lib/src.zip!/java.scripting" type="simple" />
            <root url="jar://C:/Java/jdk-10/lib/src.zip!/jdk.httpserver" type="simple" />
            <root url="jar://C:/Java/jdk-10/lib/src.zip!/jdk.jdwp.agent" type="simple" />
            <root url="jar://C:/Java/jdk-10/lib/src.zip!/jdk.localedata" type="simple" />
            <root url="jar://C:/Java/jdk-10/lib/src.zip!/jdk.management" type="simple" />
            <root url="jar://C:/Java/jdk-10/lib/src.zip!/jdk.naming.dns" type="simple" />
            <root url="jar://C:/Java/jdk-10/lib/src.zip!/jdk.naming.rmi" type="simple" />
            <root url="jar://C:/Java/jdk-10/lib/src.zip!/java.activation" type="simple" />
            <root url="jar://C:/Java/jdk-10/lib/src.zip!/java.instrument" type="simple" />
            <root url="jar://C:/Java/jdk-10/lib/src.zip!/java.management" type="simple" />
            <root url="jar://C:/Java/jdk-10/lib/src.zip!/java.sql.rowset" type="simple" />
            <root url="jar://C:/Java/jdk-10/lib/src.zip!/java.xml.crypto" type="simple" />
            <root url="jar://C:/Java/jdk-10/lib/src.zip!/javafx.controls" type="simple" />
            <root url="jar://C:/Java/jdk-10/lib/src.zip!/javafx.graphics" type="simple" />
            <root url="jar://C:/Java/jdk-10/lib/src.zip!/jdk.internal.ed" type="simple" />
            <root url="jar://C:/Java/jdk-10/lib/src.zip!/jdk.internal.le" type="simple" />
            <root url="jar://C:/Java/jdk-10/lib/src.zip!/jdk.unsupported" type="simple" />
            <root url="jar://C:/Java/jdk-10/lib/src.zip!/java.smartcardio" type="simple" />
            <root url="jar://C:/Java/jdk-10/lib/src.zip!/java.transaction" type="simple" />
            <root url="jar://C:/Java/jdk-10/lib/src.zip!/jdk.internal.opt" type="simple" />
            <root url="jar://C:/Java/jdk-10/lib/src.zip!/java.datatransfer" type="simple" />
            <root url="jar://C:/Java/jdk-10/lib/src.zip!/jdk.accessibility" type="simple" />
            <root url="jar://C:/Java/jdk-10/lib/src.zip!/jdk.crypto.mscapi" type="simple" />
            <root url="jar://C:/Java/jdk-10/lib/src.zip!/jdk.hotspot.agent" type="simple" />
            <root url="jar://C:/Java/jdk-10/lib/src.zip!/jdk.security.auth" type="simple" />
            <root url="jar://C:/Java/jdk-10/lib/src.zip!/jdk.security.jgss" type="simple" />
            <root url="jar://C:/Java/jdk-10/lib/src.zip!/java.security.jgss" type="simple" />
            <root url="jar://C:/Java/jdk-10/lib/src.zip!/java.security.sasl" type="simple" />
            <root url="jar://C:/Java/jdk-10/lib/src.zip!/jdk.internal.vm.ci" type="simple" />
            <root url="jar://C:/Java/jdk-10/lib/src.zip!/java.management.rmi" type="simple" />
            <root url="jar://C:/Java/jdk-10/lib/src.zip!/jdk.crypto.cryptoki" type="simple" />
            <root url="jar://C:/Java/jdk-10/lib/src.zip!/jdk.internal.jvmstat" type="simple" />
            <root url="jar://C:/Java/jdk-10/lib/src.zip!/jdk.management.agent" type="simple" />
            <root url="jar://C:/Java/jdk-10/lib/src.zip!/jdk.packager.services" type="simple" />
            <root url="jar://C:/Java/jdk-10/lib/src.zip!/jdk.scripting.nashorn" type="simple" />
            <root url="jar://C:/Java/jdk-10/lib/src.zip!/java.xml.ws.annotation" type="simple" />
            <root url="jar://C:/Java/jdk-10/lib/src.zip!/jdk.incubator.httpclient" type="simple" />
            <root url="jar://C:/Java/jdk-10/lib/src.zip!/jdk.internal.vm.compiler" type="simple" />
            <root url="jar://C:/Java/jdk-10/lib/src.zip!/jdk.scripting.nashorn.shell" type="simple" />
            <root url="jar://C:/Java/jdk-10/lib/src.zip!/jdk.internal.vm.compiler.management" type="simple" />
          </root>
        </sourcePath>
      </roots>
      <additional />
    </jdk>
    <jdk version="2">
      <name value="Android API 17 Platform" />
      <type value="Android SDK" />
      <version value="java version &quot;1.8.0_201&quot;" />
      <homePath value="C:/Android/sdk" />
      <roots>
        <annotationsPath>
          <root type="composite">
            <root url="jar://$APPLICATION_HOME_DIR$/plugins/android/lib/androidAnnotations.jar!/" type="simple" />
          </root>
        </annotationsPath>
        <classPath>
          <root type="composite" />
        </classPath>
        <javadocPath>
          <root type="composite" />
        </javadocPath>
        <sourcePath>
          <root type="composite" />
        </sourcePath>
      </roots>
      <additional jdk="1.8" />
    </jdk>
    <jdk version="2">
      <name value="openjdk8" />
      <type value="JavaSDK" />
      <version value="java version &quot;1.8.0_212&quot;" />
      <homePath value="C:/Java/jdk1.8.0-openjdk" />
      <roots>
        <annotationsPath>
          <root type="composite">
            <root url="jar://$APPLICATION_HOME_DIR$/lib/jdkAnnotations.jar!/" type="simple" />
          </root>
        </annotationsPath>
        <classPath>
          <root type="composite">
            <root url="jar://C:/Java/jdk1.8.0-openjdk/jre/lib/charsets.jar!/" type="simple" />
            <root url="jar://C:/Java/jdk1.8.0-openjdk/jre/lib/ext/access-bridge-64.jar!/" type="simple" />
            <root url="jar://C:/Java/jdk1.8.0-openjdk/jre/lib/ext/cldrdata.jar!/" type="simple" />
            <root url="jar://C:/Java/jdk1.8.0-openjdk/jre/lib/ext/dnsns.jar!/" type="simple" />
            <root url="jar://C:/Java/jdk1.8.0-openjdk/jre/lib/ext/jaccess.jar!/" type="simple" />
            <root url="jar://C:/Java/jdk1.8.0-openjdk/jre/lib/ext/localedata.jar!/" type="simple" />
            <root url="jar://C:/Java/jdk1.8.0-openjdk/jre/lib/ext/nashorn.jar!/" type="simple" />
            <root url="jar://C:/Java/jdk1.8.0-openjdk/jre/lib/ext/sunec.jar!/" type="simple" />
            <root url="jar://C:/Java/jdk1.8.0-openjdk/jre/lib/ext/sunjce_provider.jar!/" type="simple" />
            <root url="jar://C:/Java/jdk1.8.0-openjdk/jre/lib/ext/sunmscapi.jar!/" type="simple" />
            <root url="jar://C:/Java/jdk1.8.0-openjdk/jre/lib/ext/sunpkcs11.jar!/" type="simple" />
            <root url="jar://C:/Java/jdk1.8.0-openjdk/jre/lib/ext/zipfs.jar!/" type="simple" />
            <root url="jar://C:/Java/jdk1.8.0-openjdk/jre/lib/jce.jar!/" type="simple" />
            <root url="jar://C:/Java/jdk1.8.0-openjdk/jre/lib/jsse.jar!/" type="simple" />
            <root url="jar://C:/Java/jdk1.8.0-openjdk/jre/lib/management-agent.jar!/" type="simple" />
            <root url="jar://C:/Java/jdk1.8.0-openjdk/jre/lib/resources.jar!/" type="simple" />
            <root url="jar://C:/Java/jdk1.8.0-openjdk/jre/lib/rt.jar!/" type="simple" />
          </root>
        </classPath>
        <javadocPath>
          <root type="composite" />
        </javadocPath>
        <sourcePath>
          <root type="composite">
            <root url="jar://C:/Java/jdk1.8.0-openjdk/src.zip!/" type="simple" />
          </root>
        </sourcePath>
      </roots>
      <additional />
    </jdk>
    <jdk version="2">
      <name value="9" />
      <type value="JavaSDK" />
      <version value="java version &quot;9.0.4&quot;" />
      <homePath value="C:/Java/jdk-9" />
      <roots>
        <annotationsPath>
          <root type="composite">
            <root url="jar://$APPLICATION_HOME_DIR$/plugins/java/lib/jdkAnnotations.jar!/" type="simple" />
          </root>
        </annotationsPath>
        <classPath>
          <root type="composite">
            <root url="jrt://C:/Java/jdk-9!/java.activation" type="simple" />
            <root url="jrt://C:/Java/jdk-9!/java.base" type="simple" />
            <root url="jrt://C:/Java/jdk-9!/java.compiler" type="simple" />
            <root url="jrt://C:/Java/jdk-9!/java.corba" type="simple" />
            <root url="jrt://C:/Java/jdk-9!/java.datatransfer" type="simple" />
            <root url="jrt://C:/Java/jdk-9!/java.desktop" type="simple" />
            <root url="jrt://C:/Java/jdk-9!/java.instrument" type="simple" />
            <root url="jrt://C:/Java/jdk-9!/java.logging" type="simple" />
            <root url="jrt://C:/Java/jdk-9!/java.management" type="simple" />
            <root url="jrt://C:/Java/jdk-9!/java.management.rmi" type="simple" />
            <root url="jrt://C:/Java/jdk-9!/java.naming" type="simple" />
            <root url="jrt://C:/Java/jdk-9!/java.prefs" type="simple" />
            <root url="jrt://C:/Java/jdk-9!/java.rmi" type="simple" />
            <root url="jrt://C:/Java/jdk-9!/java.scripting" type="simple" />
            <root url="jrt://C:/Java/jdk-9!/java.se" type="simple" />
            <root url="jrt://C:/Java/jdk-9!/java.se.ee" type="simple" />
            <root url="jrt://C:/Java/jdk-9!/java.security.jgss" type="simple" />
            <root url="jrt://C:/Java/jdk-9!/java.security.sasl" type="simple" />
            <root url="jrt://C:/Java/jdk-9!/java.smartcardio" type="simple" />
            <root url="jrt://C:/Java/jdk-9!/java.sql" type="simple" />
            <root url="jrt://C:/Java/jdk-9!/java.sql.rowset" type="simple" />
            <root url="jrt://C:/Java/jdk-9!/java.transaction" type="simple" />
            <root url="jrt://C:/Java/jdk-9!/java.xml" type="simple" />
            <root url="jrt://C:/Java/jdk-9!/java.xml.bind" type="simple" />
            <root url="jrt://C:/Java/jdk-9!/java.xml.crypto" type="simple" />
            <root url="jrt://C:/Java/jdk-9!/java.xml.ws" type="simple" />
            <root url="jrt://C:/Java/jdk-9!/java.xml.ws.annotation" type="simple" />
            <root url="jrt://C:/Java/jdk-9!/jdk.accessibility" type="simple" />
            <root url="jrt://C:/Java/jdk-9!/jdk.attach" type="simple" />
            <root url="jrt://C:/Java/jdk-9!/jdk.charsets" type="simple" />
            <root url="jrt://C:/Java/jdk-9!/jdk.compiler" type="simple" />
            <root url="jrt://C:/Java/jdk-9!/jdk.crypto.cryptoki" type="simple" />
            <root url="jrt://C:/Java/jdk-9!/jdk.crypto.ec" type="simple" />
            <root url="jrt://C:/Java/jdk-9!/jdk.crypto.mscapi" type="simple" />
            <root url="jrt://C:/Java/jdk-9!/jdk.dynalink" type="simple" />
            <root url="jrt://C:/Java/jdk-9!/jdk.editpad" type="simple" />
            <root url="jrt://C:/Java/jdk-9!/jdk.hotspot.agent" type="simple" />
            <root url="jrt://C:/Java/jdk-9!/jdk.httpserver" type="simple" />
            <root url="jrt://C:/Java/jdk-9!/jdk.incubator.httpclient" type="simple" />
            <root url="jrt://C:/Java/jdk-9!/jdk.internal.ed" type="simple" />
            <root url="jrt://C:/Java/jdk-9!/jdk.internal.jvmstat" type="simple" />
            <root url="jrt://C:/Java/jdk-9!/jdk.internal.le" type="simple" />
            <root url="jrt://C:/Java/jdk-9!/jdk.internal.opt" type="simple" />
            <root url="jrt://C:/Java/jdk-9!/jdk.internal.vm.ci" type="simple" />
            <root url="jrt://C:/Java/jdk-9!/jdk.jartool" type="simple" />
            <root url="jrt://C:/Java/jdk-9!/jdk.javadoc" type="simple" />
            <root url="jrt://C:/Java/jdk-9!/jdk.jcmd" type="simple" />
            <root url="jrt://C:/Java/jdk-9!/jdk.jconsole" type="simple" />
            <root url="jrt://C:/Java/jdk-9!/jdk.jdeps" type="simple" />
            <root url="jrt://C:/Java/jdk-9!/jdk.jdi" type="simple" />
            <root url="jrt://C:/Java/jdk-9!/jdk.jdwp.agent" type="simple" />
            <root url="jrt://C:/Java/jdk-9!/jdk.jlink" type="simple" />
            <root url="jrt://C:/Java/jdk-9!/jdk.jshell" type="simple" />
            <root url="jrt://C:/Java/jdk-9!/jdk.jsobject" type="simple" />
            <root url="jrt://C:/Java/jdk-9!/jdk.jstatd" type="simple" />
            <root url="jrt://C:/Java/jdk-9!/jdk.localedata" type="simple" />
            <root url="jrt://C:/Java/jdk-9!/jdk.management" type="simple" />
            <root url="jrt://C:/Java/jdk-9!/jdk.management.agent" type="simple" />
            <root url="jrt://C:/Java/jdk-9!/jdk.naming.dns" type="simple" />
            <root url="jrt://C:/Java/jdk-9!/jdk.naming.rmi" type="simple" />
            <root url="jrt://C:/Java/jdk-9!/jdk.net" type="simple" />
            <root url="jrt://C:/Java/jdk-9!/jdk.pack" type="simple" />
            <root url="jrt://C:/Java/jdk-9!/jdk.policytool" type="simple" />
            <root url="jrt://C:/Java/jdk-9!/jdk.rmic" type="simple" />
            <root url="jrt://C:/Java/jdk-9!/jdk.scripting.nashorn" type="simple" />
            <root url="jrt://C:/Java/jdk-9!/jdk.scripting.nashorn.shell" type="simple" />
            <root url="jrt://C:/Java/jdk-9!/jdk.sctp" type="simple" />
            <root url="jrt://C:/Java/jdk-9!/jdk.security.auth" type="simple" />
            <root url="jrt://C:/Java/jdk-9!/jdk.security.jgss" type="simple" />
            <root url="jrt://C:/Java/jdk-9!/jdk.unsupported" type="simple" />
            <root url="jrt://C:/Java/jdk-9!/jdk.xml.bind" type="simple" />
            <root url="jrt://C:/Java/jdk-9!/jdk.xml.dom" type="simple" />
            <root url="jrt://C:/Java/jdk-9!/jdk.xml.ws" type="simple" />
            <root url="jrt://C:/Java/jdk-9!/jdk.zipfs" type="simple" />
          </root>
        </classPath>
        <javadocPath>
          <root type="composite" />
        </javadocPath>
        <sourcePath>
          <root type="composite">
            <root url="jar://C:/Java/jdk-9/lib/src.zip!/java.se" type="simple" />
            <root url="jar://C:/Java/jdk-9/lib/src.zip!/jdk.jdi" type="simple" />
            <root url="jar://C:/Java/jdk-9/lib/src.zip!/jdk.net" type="simple" />
            <root url="jar://C:/Java/jdk-9/lib/src.zip!/java.rmi" type="simple" />
            <root url="jar://C:/Java/jdk-9/lib/src.zip!/java.sql" type="simple" />
            <root url="jar://C:/Java/jdk-9/lib/src.zip!/java.xml" type="simple" />
            <root url="jar://C:/Java/jdk-9/lib/src.zip!/jdk.jcmd" type="simple" />
            <root url="jar://C:/Java/jdk-9/lib/src.zip!/jdk.pack" type="simple" />
            <root url="jar://C:/Java/jdk-9/lib/src.zip!/jdk.rmic" type="simple" />
            <root url="jar://C:/Java/jdk-9/lib/src.zip!/jdk.sctp" type="simple" />
            <root url="jar://C:/Java/jdk-9/lib/src.zip!/java.base" type="simple" />
            <root url="jar://C:/Java/jdk-9/lib/src.zip!/jdk.jdeps" type="simple" />
            <root url="jar://C:/Java/jdk-9/lib/src.zip!/jdk.jlink" type="simple" />
            <root url="jar://C:/Java/jdk-9/lib/src.zip!/jdk.zipfs" type="simple" />
            <root url="jar://C:/Java/jdk-9/lib/src.zip!/java.corba" type="simple" />
            <root url="jar://C:/Java/jdk-9/lib/src.zip!/java.prefs" type="simple" />
            <root url="jar://C:/Java/jdk-9/lib/src.zip!/java.se.ee" type="simple" />
            <root url="jar://C:/Java/jdk-9/lib/src.zip!/jdk.attach" type="simple" />
            <root url="jar://C:/Java/jdk-9/lib/src.zip!/jdk.jshell" type="simple" />
            <root url="jar://C:/Java/jdk-9/lib/src.zip!/jdk.jstatd" type="simple" />
            <root url="jar://C:/Java/jdk-9/lib/src.zip!/jdk.xml.ws" type="simple" />
            <root url="jar://C:/Java/jdk-9/lib/src.zip!/java.naming" type="simple" />
            <root url="jar://C:/Java/jdk-9/lib/src.zip!/java.xml.ws" type="simple" />
            <root url="jar://C:/Java/jdk-9/lib/src.zip!/jdk.editpad" type="simple" />
            <root url="jar://C:/Java/jdk-9/lib/src.zip!/jdk.jartool" type="simple" />
            <root url="jar://C:/Java/jdk-9/lib/src.zip!/jdk.javadoc" type="simple" />
            <root url="jar://C:/Java/jdk-9/lib/src.zip!/jdk.xml.dom" type="simple" />
            <root url="jar://C:/Java/jdk-9/lib/src.zip!/java.desktop" type="simple" />
            <root url="jar://C:/Java/jdk-9/lib/src.zip!/java.logging" type="simple" />
            <root url="jar://C:/Java/jdk-9/lib/src.zip!/jdk.charsets" type="simple" />
            <root url="jar://C:/Java/jdk-9/lib/src.zip!/jdk.compiler" type="simple" />
            <root url="jar://C:/Java/jdk-9/lib/src.zip!/jdk.dynalink" type="simple" />
            <root url="jar://C:/Java/jdk-9/lib/src.zip!/jdk.jconsole" type="simple" />
            <root url="jar://C:/Java/jdk-9/lib/src.zip!/jdk.jsobject" type="simple" />
            <root url="jar://C:/Java/jdk-9/lib/src.zip!/jdk.xml.bind" type="simple" />
            <root url="jar://C:/Java/jdk-9/lib/src.zip!/java.compiler" type="simple" />
            <root url="jar://C:/Java/jdk-9/lib/src.zip!/java.xml.bind" type="simple" />
            <root url="jar://C:/Java/jdk-9/lib/src.zip!/jdk.crypto.ec" type="simple" />
            <root url="jar://C:/Java/jdk-9/lib/src.zip!/java.scripting" type="simple" />
            <root url="jar://C:/Java/jdk-9/lib/src.zip!/jdk.httpserver" type="simple" />
            <root url="jar://C:/Java/jdk-9/lib/src.zip!/jdk.jdwp.agent" type="simple" />
            <root url="jar://C:/Java/jdk-9/lib/src.zip!/jdk.localedata" type="simple" />
            <root url="jar://C:/Java/jdk-9/lib/src.zip!/jdk.management" type="simple" />
            <root url="jar://C:/Java/jdk-9/lib/src.zip!/jdk.naming.dns" type="simple" />
            <root url="jar://C:/Java/jdk-9/lib/src.zip!/jdk.naming.rmi" type="simple" />
            <root url="jar://C:/Java/jdk-9/lib/src.zip!/jdk.policytool" type="simple" />
            <root url="jar://C:/Java/jdk-9/lib/src.zip!/java.activation" type="simple" />
            <root url="jar://C:/Java/jdk-9/lib/src.zip!/java.instrument" type="simple" />
            <root url="jar://C:/Java/jdk-9/lib/src.zip!/java.management" type="simple" />
            <root url="jar://C:/Java/jdk-9/lib/src.zip!/java.sql.rowset" type="simple" />
            <root url="jar://C:/Java/jdk-9/lib/src.zip!/java.xml.crypto" type="simple" />
            <root url="jar://C:/Java/jdk-9/lib/src.zip!/jdk.internal.ed" type="simple" />
            <root url="jar://C:/Java/jdk-9/lib/src.zip!/jdk.internal.le" type="simple" />
            <root url="jar://C:/Java/jdk-9/lib/src.zip!/jdk.unsupported" type="simple" />
            <root url="jar://C:/Java/jdk-9/lib/src.zip!/java.smartcardio" type="simple" />
            <root url="jar://C:/Java/jdk-9/lib/src.zip!/java.transaction" type="simple" />
            <root url="jar://C:/Java/jdk-9/lib/src.zip!/jdk.internal.opt" type="simple" />
            <root url="jar://C:/Java/jdk-9/lib/src.zip!/java.datatransfer" type="simple" />
            <root url="jar://C:/Java/jdk-9/lib/src.zip!/jdk.accessibility" type="simple" />
            <root url="jar://C:/Java/jdk-9/lib/src.zip!/jdk.crypto.mscapi" type="simple" />
            <root url="jar://C:/Java/jdk-9/lib/src.zip!/jdk.hotspot.agent" type="simple" />
            <root url="jar://C:/Java/jdk-9/lib/src.zip!/jdk.security.auth" type="simple" />
            <root url="jar://C:/Java/jdk-9/lib/src.zip!/jdk.security.jgss" type="simple" />
            <root url="jar://C:/Java/jdk-9/lib/src.zip!/java.security.jgss" type="simple" />
            <root url="jar://C:/Java/jdk-9/lib/src.zip!/java.security.sasl" type="simple" />
            <root url="jar://C:/Java/jdk-9/lib/src.zip!/jdk.internal.vm.ci" type="simple" />
            <root url="jar://C:/Java/jdk-9/lib/src.zip!/java.management.rmi" type="simple" />
            <root url="jar://C:/Java/jdk-9/lib/src.zip!/jdk.crypto.cryptoki" type="simple" />
            <root url="jar://C:/Java/jdk-9/lib/src.zip!/jdk.internal.jvmstat" type="simple" />
            <root url="jar://C:/Java/jdk-9/lib/src.zip!/jdk.management.agent" type="simple" />
            <root url="jar://C:/Java/jdk-9/lib/src.zip!/jdk.scripting.nashorn" type="simple" />
            <root url="jar://C:/Java/jdk-9/lib/src.zip!/java.xml.ws.annotation" type="simple" />
            <root url="jar://C:/Java/jdk-9/lib/src.zip!/jdk.incubator.httpclient" type="simple" />
            <root url="jar://C:/Java/jdk-9/lib/src.zip!/jdk.scripting.nashorn.shell" type="simple" />
          </root>
        </sourcePath>
      </roots>
      <additional />
    </jdk>
    <jdk version="2">
      <name value="zulu 1.8" />
      <type value="JavaSDK" />
      <version value="java version &quot;1.8.0_242&quot;" />
      <homePath value="C:/Java/zulu-8" />
      <roots>
        <annotationsPath>
          <root type="composite">
            <root url="jar://$APPLICATION_HOME_DIR$/plugins/java/lib/jdkAnnotations.jar!/" type="simple" />
          </root>
        </annotationsPath>
        <classPath>
          <root type="composite">
            <root url="jar://C:/Java/zulu-8/jre/lib/charsets.jar!/" type="simple" />
            <root url="jar://C:/Java/zulu-8/jre/lib/ext/access-bridge-64.jar!/" type="simple" />
            <root url="jar://C:/Java/zulu-8/jre/lib/ext/cldrdata.jar!/" type="simple" />
            <root url="jar://C:/Java/zulu-8/jre/lib/ext/dnsns.jar!/" type="simple" />
            <root url="jar://C:/Java/zulu-8/jre/lib/ext/jaccess.jar!/" type="simple" />
            <root url="jar://C:/Java/zulu-8/jre/lib/ext/localedata.jar!/" type="simple" />
            <root url="jar://C:/Java/zulu-8/jre/lib/ext/nashorn.jar!/" type="simple" />
            <root url="jar://C:/Java/zulu-8/jre/lib/ext/openjsse.jar!/" type="simple" />
            <root url="jar://C:/Java/zulu-8/jre/lib/ext/sunec.jar!/" type="simple" />
            <root url="jar://C:/Java/zulu-8/jre/lib/ext/sunjce_provider.jar!/" type="simple" />
            <root url="jar://C:/Java/zulu-8/jre/lib/ext/sunmscapi.jar!/" type="simple" />
            <root url="jar://C:/Java/zulu-8/jre/lib/ext/sunpkcs11.jar!/" type="simple" />
            <root url="jar://C:/Java/zulu-8/jre/lib/ext/zipfs.jar!/" type="simple" />
            <root url="jar://C:/Java/zulu-8/jre/lib/jce.jar!/" type="simple" />
            <root url="jar://C:/Java/zulu-8/jre/lib/jfr.jar!/" type="simple" />
            <root url="jar://C:/Java/zulu-8/jre/lib/jsse.jar!/" type="simple" />
            <root url="jar://C:/Java/zulu-8/jre/lib/management-agent.jar!/" type="simple" />
            <root url="jar://C:/Java/zulu-8/jre/lib/resources.jar!/" type="simple" />
            <root url="jar://C:/Java/zulu-8/jre/lib/rt.jar!/" type="simple" />
          </root>
        </classPath>
        <javadocPath>
          <root type="composite" />
        </javadocPath>
        <sourcePath>
          <root type="composite">
            <root url="jar://C:/Java/zulu-8/src.zip!/" type="simple" />
          </root>
        </sourcePath>
      </roots>
      <additional />
    </jdk>
    <jdk version="2">
      <name value="11" />
      <type value="JavaSDK" />
      <version value="java version &quot;11.0.2&quot;" />
      <homePath value="C:/Java/jdk-11" />
      <roots>
        <annotationsPath>
          <root type="composite">
            <root url="jar://$APPLICATION_HOME_DIR$/plugins/java/lib/jdkAnnotations.jar!/" type="simple" />
          </root>
        </annotationsPath>
        <classPath>
          <root type="composite">
            <root url="jrt://C:/Java/jdk-11!/java.base" type="simple" />
            <root url="jrt://C:/Java/jdk-11!/java.compiler" type="simple" />
            <root url="jrt://C:/Java/jdk-11!/java.datatransfer" type="simple" />
            <root url="jrt://C:/Java/jdk-11!/java.desktop" type="simple" />
            <root url="jrt://C:/Java/jdk-11!/java.instrument" type="simple" />
            <root url="jrt://C:/Java/jdk-11!/java.logging" type="simple" />
            <root url="jrt://C:/Java/jdk-11!/java.management" type="simple" />
            <root url="jrt://C:/Java/jdk-11!/java.management.rmi" type="simple" />
            <root url="jrt://C:/Java/jdk-11!/java.naming" type="simple" />
            <root url="jrt://C:/Java/jdk-11!/java.net.http" type="simple" />
            <root url="jrt://C:/Java/jdk-11!/java.prefs" type="simple" />
            <root url="jrt://C:/Java/jdk-11!/java.rmi" type="simple" />
            <root url="jrt://C:/Java/jdk-11!/java.scripting" type="simple" />
            <root url="jrt://C:/Java/jdk-11!/java.se" type="simple" />
            <root url="jrt://C:/Java/jdk-11!/java.security.jgss" type="simple" />
            <root url="jrt://C:/Java/jdk-11!/java.security.sasl" type="simple" />
            <root url="jrt://C:/Java/jdk-11!/java.smartcardio" type="simple" />
            <root url="jrt://C:/Java/jdk-11!/java.sql" type="simple" />
            <root url="jrt://C:/Java/jdk-11!/java.sql.rowset" type="simple" />
            <root url="jrt://C:/Java/jdk-11!/java.transaction.xa" type="simple" />
            <root url="jrt://C:/Java/jdk-11!/java.xml" type="simple" />
            <root url="jrt://C:/Java/jdk-11!/java.xml.crypto" type="simple" />
            <root url="jrt://C:/Java/jdk-11!/jdk.accessibility" type="simple" />
            <root url="jrt://C:/Java/jdk-11!/jdk.aot" type="simple" />
            <root url="jrt://C:/Java/jdk-11!/jdk.attach" type="simple" />
            <root url="jrt://C:/Java/jdk-11!/jdk.charsets" type="simple" />
            <root url="jrt://C:/Java/jdk-11!/jdk.compiler" type="simple" />
            <root url="jrt://C:/Java/jdk-11!/jdk.crypto.cryptoki" type="simple" />
            <root url="jrt://C:/Java/jdk-11!/jdk.crypto.ec" type="simple" />
            <root url="jrt://C:/Java/jdk-11!/jdk.crypto.mscapi" type="simple" />
            <root url="jrt://C:/Java/jdk-11!/jdk.dynalink" type="simple" />
            <root url="jrt://C:/Java/jdk-11!/jdk.editpad" type="simple" />
            <root url="jrt://C:/Java/jdk-11!/jdk.hotspot.agent" type="simple" />
            <root url="jrt://C:/Java/jdk-11!/jdk.httpserver" type="simple" />
            <root url="jrt://C:/Java/jdk-11!/jdk.internal.ed" type="simple" />
            <root url="jrt://C:/Java/jdk-11!/jdk.internal.jvmstat" type="simple" />
            <root url="jrt://C:/Java/jdk-11!/jdk.internal.le" type="simple" />
            <root url="jrt://C:/Java/jdk-11!/jdk.internal.opt" type="simple" />
            <root url="jrt://C:/Java/jdk-11!/jdk.internal.vm.ci" type="simple" />
            <root url="jrt://C:/Java/jdk-11!/jdk.internal.vm.compiler" type="simple" />
            <root url="jrt://C:/Java/jdk-11!/jdk.internal.vm.compiler.management" type="simple" />
            <root url="jrt://C:/Java/jdk-11!/jdk.jartool" type="simple" />
            <root url="jrt://C:/Java/jdk-11!/jdk.javadoc" type="simple" />
            <root url="jrt://C:/Java/jdk-11!/jdk.jcmd" type="simple" />
            <root url="jrt://C:/Java/jdk-11!/jdk.jconsole" type="simple" />
            <root url="jrt://C:/Java/jdk-11!/jdk.jdeps" type="simple" />
            <root url="jrt://C:/Java/jdk-11!/jdk.jdi" type="simple" />
            <root url="jrt://C:/Java/jdk-11!/jdk.jdwp.agent" type="simple" />
            <root url="jrt://C:/Java/jdk-11!/jdk.jfr" type="simple" />
            <root url="jrt://C:/Java/jdk-11!/jdk.jlink" type="simple" />
            <root url="jrt://C:/Java/jdk-11!/jdk.jshell" type="simple" />
            <root url="jrt://C:/Java/jdk-11!/jdk.jsobject" type="simple" />
            <root url="jrt://C:/Java/jdk-11!/jdk.jstatd" type="simple" />
            <root url="jrt://C:/Java/jdk-11!/jdk.localedata" type="simple" />
            <root url="jrt://C:/Java/jdk-11!/jdk.management" type="simple" />
            <root url="jrt://C:/Java/jdk-11!/jdk.management.agent" type="simple" />
            <root url="jrt://C:/Java/jdk-11!/jdk.management.jfr" type="simple" />
            <root url="jrt://C:/Java/jdk-11!/jdk.naming.dns" type="simple" />
            <root url="jrt://C:/Java/jdk-11!/jdk.naming.rmi" type="simple" />
            <root url="jrt://C:/Java/jdk-11!/jdk.net" type="simple" />
            <root url="jrt://C:/Java/jdk-11!/jdk.pack" type="simple" />
            <root url="jrt://C:/Java/jdk-11!/jdk.rmic" type="simple" />
            <root url="jrt://C:/Java/jdk-11!/jdk.scripting.nashorn" type="simple" />
            <root url="jrt://C:/Java/jdk-11!/jdk.scripting.nashorn.shell" type="simple" />
            <root url="jrt://C:/Java/jdk-11!/jdk.sctp" type="simple" />
            <root url="jrt://C:/Java/jdk-11!/jdk.security.auth" type="simple" />
            <root url="jrt://C:/Java/jdk-11!/jdk.security.jgss" type="simple" />
            <root url="jrt://C:/Java/jdk-11!/jdk.unsupported" type="simple" />
            <root url="jrt://C:/Java/jdk-11!/jdk.unsupported.desktop" type="simple" />
            <root url="jrt://C:/Java/jdk-11!/jdk.xml.dom" type="simple" />
            <root url="jrt://C:/Java/jdk-11!/jdk.zipfs" type="simple" />
          </root>
        </classPath>
        <javadocPath>
          <root type="composite" />
        </javadocPath>
        <sourcePath>
          <root type="composite">
            <root url="jar://C:/Java/jdk-11/lib/src.zip!/java.se" type="simple" />
            <root url="jar://C:/Java/jdk-11/lib/src.zip!/jdk.aot" type="simple" />
            <root url="jar://C:/Java/jdk-11/lib/src.zip!/jdk.jdi" type="simple" />
            <root url="jar://C:/Java/jdk-11/lib/src.zip!/jdk.jfr" type="simple" />
            <root url="jar://C:/Java/jdk-11/lib/src.zip!/jdk.net" type="simple" />
            <root url="jar://C:/Java/jdk-11/lib/src.zip!/java.rmi" type="simple" />
            <root url="jar://C:/Java/jdk-11/lib/src.zip!/java.sql" type="simple" />
            <root url="jar://C:/Java/jdk-11/lib/src.zip!/java.xml" type="simple" />
            <root url="jar://C:/Java/jdk-11/lib/src.zip!/jdk.jcmd" type="simple" />
            <root url="jar://C:/Java/jdk-11/lib/src.zip!/jdk.pack" type="simple" />
            <root url="jar://C:/Java/jdk-11/lib/src.zip!/jdk.rmic" type="simple" />
            <root url="jar://C:/Java/jdk-11/lib/src.zip!/jdk.sctp" type="simple" />
            <root url="jar://C:/Java/jdk-11/lib/src.zip!/java.base" type="simple" />
            <root url="jar://C:/Java/jdk-11/lib/src.zip!/jdk.jdeps" type="simple" />
            <root url="jar://C:/Java/jdk-11/lib/src.zip!/jdk.jlink" type="simple" />
            <root url="jar://C:/Java/jdk-11/lib/src.zip!/jdk.zipfs" type="simple" />
            <root url="jar://C:/Java/jdk-11/lib/src.zip!/java.prefs" type="simple" />
            <root url="jar://C:/Java/jdk-11/lib/src.zip!/jdk.attach" type="simple" />
            <root url="jar://C:/Java/jdk-11/lib/src.zip!/jdk.jshell" type="simple" />
            <root url="jar://C:/Java/jdk-11/lib/src.zip!/jdk.jstatd" type="simple" />
            <root url="jar://C:/Java/jdk-11/lib/src.zip!/java.naming" type="simple" />
            <root url="jar://C:/Java/jdk-11/lib/src.zip!/jdk.editpad" type="simple" />
            <root url="jar://C:/Java/jdk-11/lib/src.zip!/jdk.jartool" type="simple" />
            <root url="jar://C:/Java/jdk-11/lib/src.zip!/jdk.javadoc" type="simple" />
            <root url="jar://C:/Java/jdk-11/lib/src.zip!/jdk.xml.dom" type="simple" />
            <root url="jar://C:/Java/jdk-11/lib/src.zip!/java.desktop" type="simple" />
            <root url="jar://C:/Java/jdk-11/lib/src.zip!/java.logging" type="simple" />
            <root url="jar://C:/Java/jdk-11/lib/src.zip!/jdk.charsets" type="simple" />
            <root url="jar://C:/Java/jdk-11/lib/src.zip!/jdk.compiler" type="simple" />
            <root url="jar://C:/Java/jdk-11/lib/src.zip!/jdk.dynalink" type="simple" />
            <root url="jar://C:/Java/jdk-11/lib/src.zip!/jdk.jconsole" type="simple" />
            <root url="jar://C:/Java/jdk-11/lib/src.zip!/jdk.jsobject" type="simple" />
            <root url="jar://C:/Java/jdk-11/lib/src.zip!/java.compiler" type="simple" />
            <root url="jar://C:/Java/jdk-11/lib/src.zip!/java.net.http" type="simple" />
            <root url="jar://C:/Java/jdk-11/lib/src.zip!/jdk.crypto.ec" type="simple" />
            <root url="jar://C:/Java/jdk-11/lib/src.zip!/java.scripting" type="simple" />
            <root url="jar://C:/Java/jdk-11/lib/src.zip!/jdk.httpserver" type="simple" />
            <root url="jar://C:/Java/jdk-11/lib/src.zip!/jdk.jdwp.agent" type="simple" />
            <root url="jar://C:/Java/jdk-11/lib/src.zip!/jdk.localedata" type="simple" />
            <root url="jar://C:/Java/jdk-11/lib/src.zip!/jdk.management" type="simple" />
            <root url="jar://C:/Java/jdk-11/lib/src.zip!/jdk.naming.dns" type="simple" />
            <root url="jar://C:/Java/jdk-11/lib/src.zip!/jdk.naming.rmi" type="simple" />
            <root url="jar://C:/Java/jdk-11/lib/src.zip!/java.instrument" type="simple" />
            <root url="jar://C:/Java/jdk-11/lib/src.zip!/java.management" type="simple" />
            <root url="jar://C:/Java/jdk-11/lib/src.zip!/java.sql.rowset" type="simple" />
            <root url="jar://C:/Java/jdk-11/lib/src.zip!/java.xml.crypto" type="simple" />
            <root url="jar://C:/Java/jdk-11/lib/src.zip!/jdk.internal.ed" type="simple" />
            <root url="jar://C:/Java/jdk-11/lib/src.zip!/jdk.internal.le" type="simple" />
            <root url="jar://C:/Java/jdk-11/lib/src.zip!/jdk.unsupported" type="simple" />
            <root url="jar://C:/Java/jdk-11/lib/src.zip!/java.smartcardio" type="simple" />
            <root url="jar://C:/Java/jdk-11/lib/src.zip!/jdk.internal.opt" type="simple" />
            <root url="jar://C:/Java/jdk-11/lib/src.zip!/java.datatransfer" type="simple" />
            <root url="jar://C:/Java/jdk-11/lib/src.zip!/jdk.accessibility" type="simple" />
            <root url="jar://C:/Java/jdk-11/lib/src.zip!/jdk.crypto.mscapi" type="simple" />
            <root url="jar://C:/Java/jdk-11/lib/src.zip!/jdk.hotspot.agent" type="simple" />
            <root url="jar://C:/Java/jdk-11/lib/src.zip!/jdk.security.auth" type="simple" />
            <root url="jar://C:/Java/jdk-11/lib/src.zip!/jdk.security.jgss" type="simple" />
            <root url="jar://C:/Java/jdk-11/lib/src.zip!/java.security.jgss" type="simple" />
            <root url="jar://C:/Java/jdk-11/lib/src.zip!/java.security.sasl" type="simple" />
            <root url="jar://C:/Java/jdk-11/lib/src.zip!/jdk.internal.vm.ci" type="simple" />
            <root url="jar://C:/Java/jdk-11/lib/src.zip!/jdk.management.jfr" type="simple" />
            <root url="jar://C:/Java/jdk-11/lib/src.zip!/java.management.rmi" type="simple" />
            <root url="jar://C:/Java/jdk-11/lib/src.zip!/java.transaction.xa" type="simple" />
            <root url="jar://C:/Java/jdk-11/lib/src.zip!/jdk.crypto.cryptoki" type="simple" />
            <root url="jar://C:/Java/jdk-11/lib/src.zip!/jdk.internal.jvmstat" type="simple" />
            <root url="jar://C:/Java/jdk-11/lib/src.zip!/jdk.management.agent" type="simple" />
            <root url="jar://C:/Java/jdk-11/lib/src.zip!/jdk.scripting.nashorn" type="simple" />
            <root url="jar://C:/Java/jdk-11/lib/src.zip!/jdk.unsupported.desktop" type="simple" />
            <root url="jar://C:/Java/jdk-11/lib/src.zip!/jdk.internal.vm.compiler" type="simple" />
            <root url="jar://C:/Java/jdk-11/lib/src.zip!/jdk.scripting.nashorn.shell" type="simple" />
            <root url="jar://C:/Java/jdk-11/lib/src.zip!/jdk.internal.vm.compiler.management" type="simple" />
          </root>
        </sourcePath>
      </roots>
      <additional />
    </jdk>
  </component>
</application>