<application>
  <component name="ProjectManager">
    <defaultProject>
      <component name="CheckStyle-IDEA">
        <option name="configuration">
          <map>
            <entry key="checkstyle-version" value="8.1" />
            <entry key="location-0" value="BUNDLED:(bundled):Sun Checks" />
            <entry key="location-1" value="BUNDLED:(bundled):Google Checks" />
            <entry key="scan-before-checkin" value="false" />
            <entry key="scanscope" value="JavaOnly" />
            <entry key="suppress-errors" value="false" />
          </map>
        </option>
      </component>
      <component name="Encoding" defaultCharsetForPropertiesFiles="UTF-8">
        <file url="PROJECT" charset="UTF-8" />
      </component>
      <component name="GradleLocalSettings">
        <option name="modificationStamps">
          <map>
            <entry key="C:/workspace/winterfall" value="3011442117754" />
          </map>
        </option>
        <option name="projectSyncType">
          <map>
            <entry key="C:/workspace/RxJava" value="PREVIEW" />
            <entry key="C:/workspace/aeron" value="PREVIEW" />
            <entry key="C:/workspace/balrog/balrog-mid/v1/balrog-mid-android" value="PREVIEW" />
            <entry key="C:/workspace/balrog/balrog-mid/v1/balrog-mid-android/app" value="PREVIEW" />
            <entry key="C:/workspace/disruptor" value="PREVIEW" />
            <entry key="C:/workspace/erebor/erebor-mid/v2/erebor-mid-android" value="PREVIEW" />
            <entry key="C:/workspace/jvm-serializer" value="PREVIEW" />
            <entry key="C:/workspace/pusher-websocket-java" value="PREVIEW" />
          </map>
        </option>
      </component>
      <component name="InspectionProjectProfileManager">
        <profile version="1.0">
          <option name="myName" value="Project Default" />
        </profile>
        <version value="1.0" />
      </component>
      <component name="MavenImportPreferences">
        <option name="generalSettings">
          <MavenGeneralSettings>
            <option name="mavenHome" value="C:\Program Files\JetBrains\IntelliJ IDEA 2020.2.2\plugins\maven\lib\maven3" />
            <option name="userSettingsFile" value="C:\install\apache-maven-3.3.9\conf\settings.xml" />
          </MavenGeneralSettings>
        </option>
      </component>
      <component name="NodePackageJsonFileManager">
        <packageJsonPaths />
      </component>
      <component name="ProjectInspectionProfilesVisibleTreeState">
        <entry key="Project Default">
          <profile-state>
            <expanded-state>
              <State>
                <id />
              </State>
              <State>
                <id>Abstraction issuesJava</id>
              </State>
              <State>
                <id>Android</id>
              </State>
              <State>
                <id>Android &gt; Lint &gt; Accessibility</id>
              </State>
              <State>
                <id>Android &gt; Lint &gt; Correctness</id>
              </State>
              <State>
                <id>Android &gt; Lint &gt; Correctness &gt; Messages</id>
              </State>
              <State>
                <id>Android &gt; Lint &gt; Internationalization</id>
              </State>
              <State>
                <id>Android &gt; Lint &gt; Performance</id>
              </State>
              <State>
                <id>Android &gt; Lint &gt; Security</id>
              </State>
              <State>
                <id>Android &gt; Lint &gt; Usability</id>
              </State>
              <State>
                <id>Android &gt; Lint &gt; Usability &gt; Icons</id>
              </State>
              <State>
                <id>Android Lint for Kotlin</id>
              </State>
              <State>
                <id>Assignment issuesGroovy</id>
              </State>
              <State>
                <id>Assignment issuesJava</id>
              </State>
              <State>
                <id>Assignment issuesJavaScript</id>
              </State>
              <State>
                <id>Bitwise operation issuesJava</id>
              </State>
              <State>
                <id>Bitwise operation issuesJavaScript</id>
              </State>
              <State>
                <id>CSS</id>
              </State>
              <State>
                <id>Class structureJava</id>
              </State>
              <State>
                <id>Code maturity issuesJava</id>
              </State>
              <State>
                <id>Code quality toolsJavaScript</id>
              </State>
              <State>
                <id>Code style issuesJava</id>
              </State>
              <State>
                <id>CodeSpring CoreSpring</id>
              </State>
              <State>
                <id>CoffeeScript</id>
              </State>
              <State>
                <id>Control FlowGroovy</id>
              </State>
              <State>
                <id>Control flow issuesJava</id>
              </State>
              <State>
                <id>Control flow issuesJavaScript</id>
              </State>
              <State>
                <id>DOM issuesJavaScript</id>
              </State>
              <State>
                <id>Declaration redundancyJava</id>
              </State>
              <State>
                <id>Error handlingJavaScript</id>
              </State>
              <State>
                <id>FreeMarker inspections</id>
              </State>
              <State>
                <id>GPath inspectionsGroovy</id>
              </State>
              <State>
                <id>General</id>
              </State>
              <State>
                <id>GeneralJava</id>
              </State>
              <State>
                <id>GeneralJavaScript</id>
              </State>
              <State>
                <id>Google App Engine</id>
              </State>
              <State>
                <id>Groovy</id>
              </State>
              <State>
                <id>Guice Inspections</id>
              </State>
              <State>
                <id>HTML</id>
              </State>
              <State>
                <id>Ignore</id>
              </State>
              <State>
                <id>Initialization issuesJava</id>
              </State>
              <State>
                <id>Internationalization issuesJava</id>
              </State>
              <State>
                <id>J2ME issuesJava</id>
              </State>
              <State>
                <id>JUnit issuesJava</id>
              </State>
              <State>
                <id>Java</id>
              </State>
              <State>
                <id>Java language level issuesJava</id>
              </State>
              <State>
                <id>Java language level migration aidsJava</id>
              </State>
              <State>
                <id>JavaScript</id>
              </State>
              <State>
                <id>Javadoc issuesJava</id>
              </State>
              <State>
                <id>Kotlin</id>
              </State>
              <State>
                <id>Logging issuesJava</id>
              </State>
              <State>
                <id>Memory issuesJava</id>
              </State>
              <State>
                <id>Naming ConventionsGroovy</id>
              </State>
              <State>
                <id>Naming conventionsJava</id>
              </State>
              <State>
                <id>Naming conventionsJavaScript</id>
              </State>
              <State>
                <id>Numeric issuesJava</id>
              </State>
              <State>
                <id>Performance issuesJava</id>
              </State>
              <State>
                <id>Portability issuesJava</id>
              </State>
              <State>
                <id>Potentially confusing code constructsGroovy</id>
              </State>
              <State>
                <id>Potentially confusing code constructsJavaScript</id>
              </State>
              <State>
                <id>Probable bugsCSS</id>
              </State>
              <State>
                <id>Probable bugsCoffeeScript</id>
              </State>
              <State>
                <id>Probable bugsGroovy</id>
              </State>
              <State>
                <id>Probable bugsJava</id>
              </State>
              <State>
                <id>Probable bugsJavaScript</id>
              </State>
              <State>
                <id>Properties Files</id>
              </State>
              <State>
                <id>RELAX NG</id>
              </State>
              <State>
                <id>SQL</id>
              </State>
              <State>
                <id>Security issuesJava</id>
              </State>
              <State>
                <id>Spring</id>
              </State>
              <State>
                <id>Spring CoreSpring</id>
              </State>
              <State>
                <id>Struts</id>
              </State>
              <State>
                <id>Struts 1Struts</id>
              </State>
              <State>
                <id>Struts 2Struts</id>
              </State>
              <State>
                <id>StyleGroovy</id>
              </State>
              <State>
                <id>TestNGJava</id>
              </State>
              <State>
                <id>Threading issuesJava</id>
              </State>
              <State>
                <id>UI Form Problems</id>
              </State>
              <State>
                <id>Velocity inspections</id>
              </State>
              <State>
                <id>Visibility issuesJava</id>
              </State>
              <State>
                <id>WebSocket issues</id>
              </State>
              <State>
                <id>XPath</id>
              </State>
              <State>
                <id>XSLT</id>
              </State>
            </expanded-state>
            <selected-state>
              <State>
                <id>Android</id>
              </State>
            </selected-state>
          </profile-state>
        </entry>
      </component>
      <component name="ProjectViewState">
        <option name="hideEmptyMiddlePackages" value="true" />
        <option name="showLibraryContents" value="true" />
        <option name="showVisibilityIcons" value="true" />
      </component>
      <component name="PropertiesComponent">
        <property name="android.sdk.path" value="C:/Android/sdk" />
        <property name="nodejs_interpreter_path.stuck_in_default_project" value="undefined stuck path" />
        <property name="nodejs_npm_path_reset_for_default_project" value="true" />
        <property name="settings.editor.selected.configurable" value="AndroidSdkUpdater" />
      </component>
      <component name="RunManager">
        <configuration default="true" type="Applet">
          <option name="POLICY_FILE" value="$APPLICATION_HOME_DIR$/bin/appletviewer.policy" />
          <method v="2">
            <option name="Make" enabled="true" />
          </method>
        </configuration>
        <configuration default="true" type="Application" factoryName="Application">
          <option name="WORKING_DIRECTORY" value="$PROJECT_DIR$" />
          <method v="2">
            <option name="Make" enabled="true" />
          </method>
        </configuration>
        <configuration default="true" type="JUnit" factoryName="JUnit">
          <option name="TEST_OBJECT" value="class" />
          <option name="WORKING_DIRECTORY" value="$MODULE_DIR$" />
          <method v="2">
            <option name="Make" enabled="true" />
          </method>
        </configuration>
        <configuration default="true" type="TestNG">
          <option name="WORKING_DIRECTORY" value="$MODULE_DIR$" />
          <properties />
          <listeners />
          <method v="2">
            <option name="Make" enabled="true" />
          </method>
        </configuration>
      </component>
      <component name="SvnConfiguration">
        <configuration>C:\Users\chenby\AppData\Roaming\Subversion</configuration>
      </component>
      <component name="masterDetails">
        <states>
          <state key="Copyright.UI">
            <settings>
              <splitter-proportions>
                <option name="proportions">
                  <list>
                    <option value="0.2" />
                  </list>
                </option>
              </splitter-proportions>
            </settings>
          </state>
          <state key="ProjectJDKs.UI">
            <settings>
              <last-edited>11</last-edited>
              <splitter-proportions>
                <option name="proportions">
                  <list>
                    <option value="0.2" />
                  </list>
                </option>
              </splitter-proportions>
            </settings>
          </state>
        </states>
      </component>
    </defaultProject>
  </component>
</application>