<application>
  <component name="AppStorage">
    <histories>
      <item value="Durable" />
      <item value="INDIVIDUAL" />
      <item value="CORPORATION" />
      <item value="PREMATURE" />
      <item value="mandatory" />
      <item value="Authorization" />
      <item value="Authentication" />
      <item value="delegate" />
      <item value="Dormant" />
      <item value="Activity" />
      <item value="preserve" />
      <item value="Carrier" />
      <item value="Millis" />
      <item value="Settle Date" />
      <item value="Authorize" />
      <item value="fiat minimum withdraw" />
      <item value="indicator" />
      <item value="margin interest" />
      <item value="interest" />
      <item value="Presence" />
      <item value="which heavily biases the reservoir to the past 5 minutes of measurements ." />
      <item value="A statistical snapshot of a {@ link Uniform Snapshot }." />
      <item value="reservoir" />
      <item value="normalize" />
      <item value="sanitize" />
      <item value="dive" />
      <item value="idempotence" />
      <item value="limitation of cluster migration" />
      <item value="limitation" />
      <item value="quantiles" />
      <item value="quantile" />
      <item value="whether the target &lt; uri &gt; is cluster mode" />
      <item value="Endpoint" />
      <item value="mutually" />
      <item value="WIDTH" />
      <item value="Failover to sync command" />
      <item value="cashflow" />
      <item value="regardless of execution" />
      <item value="Pricer" />
      <item value="Nack" />
      <item value="Entry" />
      <item value="Stream" />
      <item value="reconciled" />
      <item value="seen" />
      <item value="Chat to author" />
      <item value="Rune" />
      <item value="Rounding" />
      <item value="truncate" />
      <item value="Activing" />
      <item value="Working" />
    </histories>
  </component>
</application>