<application>
  <component name="TemplateSettings">
    <option name="deletedKeys">
      <list>
        <TemplateKey>
          <option name="groupName" value="spring" />
          <option name="key" value="sb" />
        </TemplateKey>
        <TemplateKey>
          <option name="groupName" value="spring" />
          <option name="key" value="sbf" />
        </TemplateKey>
        <TemplateKey>
          <option name="groupName" value="spring" />
          <option name="key" value="sbfb" />
        </TemplateKey>
        <TemplateKey>
          <option name="groupName" value="aop" />
          <option name="key" value="aopautoproxycreator" />
        </TemplateKey>
        <TemplateKey>
          <option name="groupName" value="aop" />
          <option name="key" value="aopautoproxy" />
        </TemplateKey>
        <TemplateKey>
          <option name="groupName" value="spring" />
          <option name="key" value="hibernatefactory" />
        </TemplateKey>
        <TemplateKey>
          <option name="groupName" value="spring" />
          <option name="key" value="datasource" />
        </TemplateKey>
        <TemplateKey>
          <option name="groupName" value="spring" />
          <option name="key" value="hibernatetm" />
        </TemplateKey>
        <TemplateKey>
          <option name="groupName" value="spring" />
          <option name="key" value="transactionmanager" />
        </TemplateKey>
        <TemplateKey>
          <option name="groupName" value="spring" />
          <option name="key" value="jndids" />
        </TemplateKey>
        <TemplateKey>
          <option name="groupName" value="spring" />
          <option name="key" value="jdopmf" />
        </TemplateKey>
        <TemplateKey>
          <option name="groupName" value="spring" />
          <option name="key" value="jdopmfproxy" />
        </TemplateKey>
        <TemplateKey>
          <option name="groupName" value="spring" />
          <option name="key" value="jdotm" />
        </TemplateKey>
        <TemplateKey>
          <option name="groupName" value="spring" />
          <option name="key" value="jpoxpmf" />
        </TemplateKey>
        <TemplateKey>
          <option name="groupName" value="spring" />
          <option name="key" value="toplinklsf" />
        </TemplateKey>
        <TemplateKey>
          <option name="groupName" value="spring" />
          <option name="key" value="toplinktasa" />
        </TemplateKey>
        <TemplateKey>
          <option name="groupName" value="spring" />
          <option name="key" value="toplinktm" />
        </TemplateKey>
        <TemplateKey>
          <option name="groupName" value="spring" />
          <option name="key" value="ibatisfactory" />
        </TemplateKey>
        <TemplateKey>
          <option name="groupName" value="spring" />
          <option name="key" value="jpaemfb" />
        </TemplateKey>
        <TemplateKey>
          <option name="groupName" value="spring" />
          <option name="key" value="jpacemf" />
        </TemplateKey>
        <TemplateKey>
          <option name="groupName" value="spring" />
          <option name="key" value="jpapum" />
        </TemplateKey>
        <TemplateKey>
          <option name="groupName" value="spring" />
          <option name="key" value="jpapabpp" />
        </TemplateKey>
        <TemplateKey>
          <option name="groupName" value="spring" />
          <option name="key" value="jpapetpp" />
        </TemplateKey>
        <TemplateKey>
          <option name="groupName" value="spring" />
          <option name="key" value="jpatm" />
        </TemplateKey>
        <TemplateKey>
          <option name="groupName" value="spring" />
          <option name="key" value="intscheduler" />
        </TemplateKey>
        <TemplateKey>
          <option name="groupName" value="spring" />
          <option name="key" value="crontrigger" />
        </TemplateKey>
        <TemplateKey>
          <option name="groupName" value="spring" />
          <option name="key" value="scedulerfactorybean" />
        </TemplateKey>
        <TemplateKey>
          <option name="groupName" value="spring" />
          <option name="key" value="simpletrigger" />
        </TemplateKey>
        <TemplateKey>
          <option name="groupName" value="spring" />
          <option name="key" value="jdkscheduledtimertask" />
        </TemplateKey>
        <TemplateKey>
          <option name="groupName" value="spring" />
          <option name="key" value="jdktimerfactorybean" />
        </TemplateKey>
        <TemplateKey>
          <option name="groupName" value="spring" />
          <option name="key" value="ejblssb" />
        </TemplateKey>
        <TemplateKey>
          <option name="groupName" value="spring" />
          <option name="key" value="ejbrssb" />
        </TemplateKey>
        <TemplateKey>
          <option name="groupName" value="spring" />
          <option name="key" value="freemarker" />
        </TemplateKey>
        <TemplateKey>
          <option name="groupName" value="spring" />
          <option name="key" value="placeholder" />
        </TemplateKey>
        <TemplateKey>
          <option name="groupName" value="spring" />
          <option name="key" value="propertyoverrideconfigurer" />
        </TemplateKey>
        <TemplateKey>
          <option name="groupName" value="spring" />
          <option name="key" value="resourcefb" />
        </TemplateKey>
        <TemplateKey>
          <option name="groupName" value="spring" />
          <option name="key" value="commonslogfb" />
        </TemplateKey>
        <TemplateKey>
          <option name="groupName" value="spring" />
          <option name="key" value="fieldretrfactory" />
        </TemplateKey>
        <TemplateKey>
          <option name="groupName" value="spring" />
          <option name="key" value="listfactory" />
        </TemplateKey>
        <TemplateKey>
          <option name="groupName" value="spring" />
          <option name="key" value="mapfactory" />
        </TemplateKey>
        <TemplateKey>
          <option name="groupName" value="spring" />
          <option name="key" value="proprsfactory" />
        </TemplateKey>
        <TemplateKey>
          <option name="groupName" value="spring" />
          <option name="key" value="setfactory" />
        </TemplateKey>
        <TemplateKey>
          <option name="groupName" value="spring webflow" />
          <option name="key" value="webflowregistry" />
        </TemplateKey>
        <TemplateKey>
          <option name="groupName" value="spring webflow" />
          <option name="key" value="webflowexecutor" />
        </TemplateKey>
        <TemplateKey>
          <option name="groupName" value="spring webflow" />
          <option name="key" value="webflowbuildersevices" />
        </TemplateKey>
        <TemplateKey>
          <option name="groupName" value="spring webflow" />
          <option name="key" value="conversationservice" />
        </TemplateKey>
        <TemplateKey>
          <option name="groupName" value="spring webflow" />
          <option name="key" value="expressionparser" />
        </TemplateKey>
        <TemplateKey>
          <option name="groupName" value="spring webflow" />
          <option name="key" value="factorycreator" />
        </TemplateKey>
        <TemplateKey>
          <option name="groupName" value="spring webflow" />
          <option name="key" value="webflowexelistener" />
        </TemplateKey>
        <TemplateKey>
          <option name="groupName" value="Spring Dynamic Modules" />
          <option name="key" value="osgisimpleservice" />
        </TemplateKey>
        <TemplateKey>
          <option name="groupName" value="Spring Dynamic Modules" />
          <option name="key" value="osgimultiservice" />
        </TemplateKey>
        <TemplateKey>
          <option name="groupName" value="Spring Dynamic Modules" />
          <option name="key" value="osgisimpleref" />
        </TemplateKey>
        <TemplateKey>
          <option name="groupName" value="Spring Dynamic Modules" />
          <option name="key" value="osgimultiref" />
        </TemplateKey>
        <TemplateKey>
          <option name="groupName" value="Spring Dynamic Modules" />
          <option name="key" value="osgibeannameref" />
        </TemplateKey>
        <TemplateKey>
          <option name="groupName" value="Spring Dynamic Modules" />
          <option name="key" value="osgirefwithlistener" />
        </TemplateKey>
        <TemplateKey>
          <option name="groupName" value="Spring Dynamic Modules" />
          <option name="key" value="osgisimplelist" />
        </TemplateKey>
        <TemplateKey>
          <option name="groupName" value="Spring Dynamic Modules" />
          <option name="key" value="osgisimpleset" />
        </TemplateKey>
        <TemplateKey>
          <option name="groupName" value="Spring Dynamic Modules" />
          <option name="key" value="osgilistwithcomp" />
        </TemplateKey>
        <TemplateKey>
          <option name="groupName" value="Spring Dynamic Modules" />
          <option name="key" value="osgisetwithcomparator" />
        </TemplateKey>
      </list>
    </option>
  </component>
</application>